,City Name,Temp,Feels Like,Max Temp,Min Temp,Pressure,Humidity,Visibility,Latitude,Longitude,Cloudiness,Date,Country,Wind Speed
0,Dunedin,289.26,288.39,289.26,289.26,1008,56,10000,-45.8742,170.5036,100,1618708113,NZ,1.79
1,Naze,292.15,291.36,292.15,292.15,1018,48,10000,28.3667,129.4833,40,1618707989,JP,6.69
2,Lebu,286.01,285.73,286.01,286.01,1017,91,10000,-37.6167,-73.65,100,1618708114,CL,1.01
3,Namatanai,302.62,306.72,302.62,302.62,1009,69,10000,-3.6667,152.4333,82,1618707870,PG,6.17
4,Jamestown,278.15,276.46,278.15,278.15,1011,75,10000,42.097,-79.2353,90,1618708115,US,2.06
5,Upernavik,257.69,250.29,257.69,257.69,1018,88,10000,72.7868,-56.1549,100,1618708116,GL,3.63
6,Rikitea,298.37,298.72,298.37,298.37,1015,68,10000,-23.1203,-134.9692,50,1618707901,PF,2.39
7,Barrow,273.15,267.37,273.15,273.15,1029,80,10000,71.2906,-156.7887,1,1618708117,US,6.69
8,Busselton,292.27,291.75,292.27,292.27,1025,58,10000,-33.65,115.3333,0,1618708118,AU,2.89
9,Ahipara,290.14,289.38,290.14,290.14,1019,57,10000,-35.1667,173.1667,100,1618708118,NZ,3.21
10,Puerto Ayora,297.59,298.62,297.59,297.59,1011,97,10000,-0.7393,-90.3518,29,1618708119,EC,1.79
11,Hilo,297.26,297.14,300.15,293.15,1016,54,10000,19.7297,-155.09,75,1618707915,US,3.09
12,Chui,290.89,291.07,290.89,290.89,1019,90,10000,-33.6971,-53.4616,56,1618708076,UY,2.55
13,Hobart,289.42,288.43,290.37,288.71,1014,51,10000,-42.8794,147.3294,75,1618707897,AU,8.75
14,Altea,282.95,281.4,283.71,282.59,1017,80,10000,38.5989,-0.0514,73,1618708120,ES,3.03
15,Sabha,299.16,299.16,299.16,299.16,1010,25,10000,27.0377,14.4283,100,1618708120,LY,5.83
16,Vostok,281.45,279.95,281.45,281.45,1007,41,10000,46.4856,135.8833,0,1618708121,RU,2.51
17,Najrān,294.15,293.14,294.15,294.15,1020,32,10000,17.4924,44.1277,40,1618708121,SA,2.13
18,Oskemen,270.15,270.15,270.15,270.15,1021,100,2500,49.9565,82.6119,20,1618708121,KZ,1.0
19,Nikolskoye,278.32,275.86,281.15,275.37,1029,39,10000,59.7035,30.7861,0,1618708121,RU,3.0
20,Guerrero Negro,289.56,289.11,289.56,289.56,1012,71,10000,27.9769,-114.0611,0,1618708122,MX,9.39
21,Hermanus,293.71,292.76,293.71,293.71,1014,36,10000,-34.4187,19.2345,0,1618707923,ZA,0.45
22,Chikwawa,291.03,291.38,291.03,291.03,1020,96,10000,-16.0335,34.8009,47,1618708122,MW,1.78
23,Albany,279.27,279.27,280.37,277.59,1006,74,10000,42.6001,-73.9662,89,1618707925,US,1.27
24,Ponta do Sol,284.99,284.08,287.59,281.48,1020,71,10000,32.6667,-17.1,70,1618708123,PT,0.89
25,Kampene,293.08,293.69,293.08,293.08,1010,98,10000,-3.6,26.6667,100,1618708123,CD,0.59
26,Kenora,284.15,282.14,284.15,284.15,1014,32,10000,49.8167,-94.4337,40,1618708124,CA,3.09
27,Mossamedes,301.01,302.95,301.01,301.01,1009,65,10000,-15.1961,12.1522,0,1618708125,AO,0.78
28,Kaitangata,288.71,287.97,288.71,288.71,1005,63,10000,-46.2817,169.8464,48,1618708125,NZ,1.79
29,Geraldton,295.15,294.32,295.15,295.15,1020,35,10000,-28.7667,114.6,0,1618707854,AU,2.57
30,Punta Arenas,283.97,283.09,284.82,283.15,1001,76,10000,-53.15,-70.9167,75,1618708126,CL,3.09
31,Hūn,297.86,297.33,297.86,297.86,1010,36,10000,29.1268,15.9477,100,1618708126,LY,2.61
32,Kvam,271.8,271.8,271.8,271.8,1035,95,10000,61.6656,9.6898,25,1618708126,NO,0.11
33,Ushuaia,284.15,282.82,284.15,284.15,1001,58,10000,-54.8,-68.3,40,1618707916,AR,4.63
34,Mizdah,288.33,287.63,288.33,288.33,1014,66,10000,31.4451,12.9801,100,1618708127,LY,4.4
35,Port Elizabeth,286.15,285.96,286.15,286.15,1016,94,10000,-33.918,25.5701,0,1618708127,ZA,2.06
36,Vestmannaeyjar,277.62,272.19,277.62,277.62,1002,61,10000,63.4427,-20.2734,100,1618707980,IS,9.47
37,Qaanaaq,254.35,247.31,254.35,254.35,1019,97,1431,77.484,-69.3632,100,1618707931,GL,2.84
38,George Town,299.9,303.09,301.15,298.71,1012,89,10000,5.4112,100.3354,20,1618708129,MY,1.03
39,Salalah,298.15,298.01,298.15,298.15,1013,50,10000,17.0151,54.0924,0,1618707854,OM,1.54
40,Mataura,288.15,287.61,288.15,288.15,1008,73,10000,-46.1927,168.8643,70,1618708130,NZ,3.58
41,Vredendal,298.93,298.03,298.93,298.93,1014,18,10000,-31.6683,18.5012,0,1618708130,ZA,3.28
42,Cayenne,300.28,302.59,300.37,300.15,1012,74,10000,4.9333,-52.3333,96,1618707847,GF,3.09
43,Tumbes,300.15,303.18,300.15,300.15,1010,83,10000,-3.5667,-80.4414,75,1618708132,PE,1.03
44,Algiers,283.15,283.15,283.15,283.15,1020,93,10000,36.7525,3.042,40,1618708122,DZ,1.03
45,Kapaa,296.16,296.08,297.15,295.37,1017,60,10000,22.0752,-159.319,40,1618707938,US,5.66
46,Norman Wells,283.15,281.61,283.15,283.15,1037,37,10000,65.282,-126.8329,20,1618708134,CA,3.09
47,Riyadh,294.64,293.45,296.15,292.15,1018,23,10000,24.6877,46.7219,0,1618707998,SA,3.6
48,Talnakh,246.63,246.63,246.63,246.63,1019,93,10000,69.4865,88.3972,50,1618708035,RU,0.38
49,Avarua,301.15,304.36,301.15,301.15,1011,74,10000,-21.2078,-159.775,36,1618707927,CK,4.12
50,Tarakan,300.15,303.78,300.15,300.15,1012,89,9000,3.3,117.6333,75,1618708134,ID,2.06
51,Butaritari,301.09,304.66,301.09,301.09,1008,77,10000,3.0707,172.7902,98,1618708134,KI,4.04
52,Faya,285.63,285.07,286.15,285.15,1027,82,10000,18.3851,42.4509,20,1618708135,SA,2.57
53,Hong Kong,296.12,295.86,298.15,290.37,1016,53,10000,22.2855,114.1577,55,1618707975,HK,0.89
54,Sydney,290.86,290.12,292.15,289.82,1021,55,10000,-33.8679,151.2073,40,1618708050,AU,2.06
55,Alugan,298.25,299.24,298.25,298.25,1001,93,7033,12.2188,125.4808,100,1618707914,PH,12.39
56,Opuwo,294.32,293.93,294.32,294.32,1014,55,10000,-18.0607,13.84,97,1618708136,NA,1.22
57,Baharly,292.42,291.34,292.42,292.42,1020,36,10000,38.4362,57.4316,10,1618708136,TM,2.59
58,Touros,298.15,299.16,298.15,298.15,1012,94,10000,-5.1989,-35.4608,40,1618708136,BR,1.54
59,East London,290.19,289.36,290.19,290.19,1017,54,10000,-33.0153,27.9116,11,1618708098,ZA,4.1
60,Saint Paul Harbor,279.15,277.62,279.15,279.15,1027,81,10000,57.79,-152.4072,90,1618708137,US,2.06
61,Yarega,268.42,262.77,268.42,268.42,1031,80,10000,63.4354,53.5765,100,1618708137,RU,4.36
62,Vaini,300.15,301.6,300.15,300.15,1013,65,10000,-21.2,-175.2,20,1618708137,TO,3.09
63,Barabai,301.47,304.3,301.47,301.47,1013,69,10000,-2.5833,115.3833,97,1618708138,ID,1.01
64,Bluff,288.15,287.61,288.15,288.15,1008,73,10000,-46.6,168.3333,90,1618707911,NZ,3.58
65,Boguchany,268.18,263.29,268.18,268.18,1022,71,10000,58.3814,97.4531,40,1618708140,RU,3.39
66,Pringsewu,298.08,298.95,298.08,298.08,1014,89,10000,-5.3582,104.9744,48,1618708141,ID,1.02
67,Dikson,247.86,247.86,247.86,247.86,1022,99,10000,73.5069,80.5464,35,1618708141,RU,1.19
68,Port Alfred,291.81,291.06,291.81,291.81,1017,51,10000,-33.5906,26.891,6,1618708141,ZA,4.86
69,Great Falls,291.44,289.69,292.04,291.15,1020,14,10000,47.5002,-111.3008,1,1618707906,US,1.54
70,Bambous Virieux,297.36,298.29,297.59,297.15,1016,94,10000,-20.3428,57.7575,75,1618708142,MU,2.57
71,Tiksi,259.57,251.95,259.57,259.57,1000,85,10000,71.6872,128.8694,100,1618708001,RU,4.23
72,Mahébourg,297.15,298.06,297.15,297.15,1016,94,10000,-20.4081,57.7,75,1618707879,MU,2.57
73,Motygino,267.51,262.92,267.51,267.51,1020,72,10000,58.1831,94.7592,100,1618708144,RU,2.96
74,Mar del Plata,292.13,292.69,292.59,291.15,1018,100,10000,-38.0023,-57.5575,90,1618708144,AR,2.06
75,Honolulu,298.4,298.21,301.15,295.93,1016,47,10000,21.3069,-157.8583,40,1618707965,US,5.66
76,Vila Velha,296.05,296.85,298.15,294.82,1014,94,10000,-20.3297,-40.2925,90,1618708144,BR,1.03
77,Saskylakh,259.77,250.92,259.77,259.77,1008,92,1231,71.9167,114.0833,100,1618708145,RU,5.72
78,Tuktoyaktuk,269.15,264.75,269.15,269.15,1036,86,10000,69.4541,-133.0374,75,1618708145,CA,3.09
79,Yanahuanca,276.22,276.22,276.22,276.22,1021,97,10000,-10.5167,-76.4986,100,1618708145,PE,0.44
80,Arraial do Cabo,297.15,297.77,297.15,297.15,1014,83,10000,-22.9661,-42.0278,40,1618708048,BR,6.17
81,Birjand,286.15,284.42,286.15,286.15,1021,35,10000,32.8663,59.2211,0,1618707905,IR,6.17
82,Chalmette,290.14,290.19,291.48,289.82,1013,88,10000,29.9427,-89.9634,75,1618708148,US,2.06
83,Kinlochleven,281.48,280.33,281.48,281.48,1022,65,10000,56.7115,-4.9661,100,1618708148,GB,2.08
84,Torbay,274.47,268.65,274.82,273.71,1016,100,10000,47.6666,-52.7314,90,1618708149,CA,7.72
85,Tuatapere,288.15,287.61,288.15,288.15,1008,73,10000,-46.1333,167.6833,62,1618708151,NZ,3.58
86,Narsaq,268.15,268.15,268.15,268.15,1013,50,10000,60.9167,-46.05,20,1618708151,GL,1.03
87,Nelson Bay,290.12,290.17,290.93,289.15,1021,88,10000,-32.7167,152.15,90,1618707968,AU,4.63
88,Saint-Philippe,294.4,294.88,297.15,290.93,1017,88,10000,-21.3585,55.7679,90,1618708152,RE,3.6
89,Taoudenni,301.04,299.72,301.04,301.04,1010,15,10000,22.6783,-3.9836,0,1618708152,ML,3.71
90,Khatanga,255.32,245.17,255.32,255.32,1015,92,3133,71.9667,102.5,100,1618708154,RU,5.87
91,Bengkulu,298.24,298.97,298.24,298.24,1014,83,10000,-3.8004,102.2655,98,1618708155,ID,1.42
92,Severo-Kuril'sk,276.8,273.08,276.8,276.8,1029,60,10000,50.6789,156.125,100,1618708155,RU,4.46
93,Saurimo,290.15,290.44,290.15,290.15,1013,97,10000,-9.6608,20.3916,39,1618708155,AO,1.92
94,Esim,300.01,302.67,300.01,300.01,1010,81,10000,4.8699,-2.2405,100,1618707940,GH,2.97
95,Iqaluit,263.15,259.91,263.15,263.15,1014,79,10000,63.7506,-68.5145,40,1618708156,CA,1.54
96,Lālmohan,300.97,303.6,300.97,300.97,1012,71,10000,22.3384,90.7419,0,1618708156,BD,3.66
97,Eyl,301.06,302.91,301.06,301.06,1012,64,10000,7.9803,49.8164,98,1618708157,SO,4.68
98,Praia,294.15,294.34,294.15,294.15,1016,78,10000,14.9215,-23.5087,20,1618708157,CV,5.14
99,Sola,305.15,313.56,305.15,305.15,1010,70,10000,-13.8833,167.55,75,1618707964,VU,2.06
100,Sakaiminato,286.15,284.73,286.15,286.15,1010,47,10000,35.55,133.2333,75,1618708157,JP,9.26
101,Sinnamary,299.22,299.22,299.22,299.22,1013,76,10000,5.3833,-52.95,65,1618707953,GF,6.39
102,Ratnagiri,299.19,299.19,299.19,299.19,1011,80,10000,16.9833,73.3,0,1618708159,IN,2.81
103,Ola,271.94,268.59,271.94,271.94,1017,86,10000,59.5833,151.2833,100,1618708160,RU,2.6
104,Carnarvon,299.02,298.86,299.02,299.02,1016,46,10000,-24.8667,113.6333,43,1618708161,AU,1.25
105,Atuona,300.22,302.39,300.22,300.22,1010,73,10000,-9.8,-139.0333,64,1618707916,PF,8.82
106,Bilibino,268.79,264.75,268.79,268.79,1009,70,10000,68.0546,166.4372,3,1618708162,RU,2.68
107,New Bedford,280.16,280.16,280.93,279.26,1008,81,10000,41.6362,-70.9342,90,1618707947,US,1.1
108,Yulara,292.15,290.99,292.15,292.15,1025,34,10000,-25.2406,130.9889,0,1618708163,AU,7.2
109,Grand Gaube,297.59,298.39,297.59,297.59,1016,88,10000,-20.0064,57.6608,29,1618708164,MU,1.34
110,Merauke,297.34,298.32,297.34,297.34,1009,96,2582,-8.4667,140.3333,100,1618708164,ID,1.07
111,Bethel,281.36,281.36,282.15,280.37,1010,57,10000,41.3712,-73.414,90,1618708165,US,1.24
112,Grindavik,276.15,271.21,276.15,276.15,1000,60,10000,63.8424,-22.4338,75,1618707923,IS,6.69
113,Puerto Baquerizo Moreno,298.09,298.91,298.09,298.09,1011,87,10000,-0.9,-89.6,38,1618708166,EC,1.55
114,Ribeira Grande,289.86,289.94,289.86,289.86,1021,90,10000,38.5167,-28.7,24,1618708167,PT,5.87
115,Puerto Madryn,288.7,288.27,288.7,288.7,1014,75,10000,-42.7692,-65.0385,25,1618708124,AR,6.93
116,Tignère,293.47,293.62,293.47,293.47,1010,79,10000,7.3667,12.65,100,1618708168,CM,1.6
117,Cape Town,290.32,290.1,293.71,287.15,1016,77,10000,-33.9258,18.4232,0,1618707687,ZA,2.06
118,Sangar,264.64,258.61,264.64,264.64,1007,85,1092,63.9242,127.4739,100,1618708168,RU,3.79
119,Zhanakorgan,289.11,287.81,289.11,289.11,1018,40,10000,43.9098,67.2495,17,1618708169,KZ,2.41
120,Teluknaga,299.95,302.29,301.48,298.71,1013,78,3100,-6.0989,106.6381,40,1618708169,ID,2.06
121,Sittwe,299.37,299.37,299.37,299.37,1012,63,10000,20.15,92.9,0,1618708169,MM,2.08
122,Cherskiy,270.71,262.13,270.71,270.71,1001,71,10000,68.75,161.3,100,1618708170,RU,12.37
123,Leh,274.2,271.25,274.2,274.2,1016,85,2422,34.1667,77.5833,100,1618708170,IN,2.62
124,Saint George,291.32,289.69,291.48,291.15,1017,19,10000,37.1041,-113.5841,1,1618708142,US,6.69
125,Lugovoy,285.02,283.78,285.02,285.02,1019,58,10000,42.9472,72.7644,100,1618708172,KZ,1.69
126,Alice Springs,293.15,291.99,293.15,293.15,1024,30,10000,-23.7,133.8833,0,1618707915,AU,8.23
127,Chokurdakh,265.32,260.77,265.32,265.32,991,84,10000,70.6333,147.9167,100,1618707900,RU,2.56
128,Laguna,302.82,301.07,303.15,302.04,1014,8,10000,38.421,-121.4238,1,1618708173,US,8.23
129,Kundiawa,291.46,291.83,291.46,291.46,1015,95,3384,-6.0167,144.9667,99,1618708174,PG,1.83
130,Nanortalik,269.51,260.48,269.51,269.51,1015,56,10000,60.1432,-45.2371,0,1618707917,GL,12.46
131,Coquimbo,288.15,287.85,288.15,288.15,1016,82,10000,-29.9533,-71.3436,90,1618707960,CL,1.03
132,Teocuitatlán de Corona,300.42,299.18,301.15,298.15,1015,7,10000,20.1167,-103.4,1,1618708176,MX,8.23
133,Tasiilaq,268.15,268.15,268.15,268.15,1001,86,10000,65.6145,-37.6368,90,1618708176,GL,1.12
134,Warrnambool,287.59,287.57,287.59,287.59,1020,95,10000,-38.3833,142.4833,94,1618708176,AU,1.34
135,Esperance,288.15,287.72,288.15,288.15,1027,77,10000,-33.8667,121.9,0,1618708176,AU,5.66
136,Pangnirtung,255.21,247.35,255.21,255.21,1016,90,10000,66.1451,-65.7125,24,1618708177,CA,3.56
137,Sobolevo,280.52,277.12,280.52,280.52,1017,84,10000,54.4299,31.8996,100,1618707952,RU,5.83
138,Castro,287.41,287.35,287.41,287.41,1015,94,10000,-24.7911,-50.0119,10,1618708177,BR,1.23
139,Dawei,299.83,301.9,299.83,299.83,1013,76,10000,14.0833,98.2,72,1618708178,MM,0.71
140,Berdigestyakh,265.15,257.96,265.15,265.15,1010,73,10000,62.0989,126.6992,100,1618707879,RU,5.38
141,Mareeba,300.83,302.65,302.15,299.82,1012,65,10000,-17.0,145.4333,90,1618708180,AU,5.66
142,New Norfolk,287.97,287.52,290.37,284.82,1014,77,10000,-42.7826,147.0587,100,1618708180,AU,1.79
143,Ayaviri,280.01,279.3,280.01,280.01,1016,37,10000,-14.8864,-70.5889,5,1618708180,PE,1.43
144,Isangel,301.15,305.72,301.15,301.15,1011,83,10000,-19.55,169.2667,75,1618708181,VU,1.54
145,Chaman,290.05,288.27,290.05,290.05,1016,18,10000,30.9236,66.4512,0,1618708181,PK,1.81
146,Saint-Pierre,293.93,294.36,296.15,290.93,1017,88,10000,-21.3393,55.4781,90,1618707996,RE,3.6
147,Flinders,294.26,294.12,294.26,294.26,1016,65,10000,-34.5833,150.8552,10,1618708181,AU,1.79
148,Paamiut,262.99,256.61,262.99,262.99,1019,63,10000,61.994,-49.6678,0,1618708182,GL,3.77
149,Somerset East,290.19,288.45,290.19,290.19,1019,19,10000,-32.7217,25.588,5,1618708183,ZA,3.36
150,Murgab,288.15,287.14,288.15,288.15,1020,55,6000,37.4966,61.9714,0,1618708184,TM,2.06
151,Chapais,281.15,280.47,281.15,281.15,1008,46,10000,49.7834,-74.8492,75,1618708184,CA,1.54
152,Prado,297.07,297.55,297.07,297.07,1014,78,10000,-17.3411,-39.2208,13,1618708184,BR,3.29
153,Tefé,296.73,297.7,296.73,296.73,1012,98,10000,-3.3542,-64.7114,100,1618708185,BR,1.01
154,Anadyr,269.97,264.26,270.15,269.82,1015,93,1300,64.75,177.4833,90,1618708185,RU,5.0
155,Coyhaique,283.15,282.29,283.15,283.15,1011,81,10000,-45.5752,-72.0662,75,1618708185,CL,2.06
156,Tazovsky,254.9,246.53,254.9,254.9,1019,96,1601,67.4667,78.7,100,1618708186,RU,3.93
157,Bequimão,299.15,299.15,299.15,299.15,1012,94,10000,-2.4489,-44.7825,20,1618708186,BR,2.06
158,Shimoda,289.0,287.97,290.93,287.04,1001,51,10000,34.6667,138.95,20,1618708187,JP,9.77
159,Pushkino,280.15,276.99,280.15,280.15,1020,39,10000,56.0172,37.8667,0,1618708188,RU,5.0
160,Atar,296.68,295.66,296.68,296.68,1012,22,10000,20.5169,-13.0499,0,1618708188,MR,3.79
161,Vardø,274.61,270.24,274.61,274.61,1033,89,10000,70.3705,31.1107,46,1618707941,NO,4.68
162,Sisimiut,264.42,257.68,264.42,264.42,1018,74,10000,66.9395,-53.6735,95,1618708188,GL,4.54
163,Kamakwie,298.73,299.43,298.73,298.73,1012,80,10000,9.5,-12.2333,100,1618708189,SL,0.49
164,Kangaatsiaq,261.6,255.51,261.6,261.6,1018,76,10000,68.3065,-53.4641,100,1618707920,GL,3.22
165,Strezhevoy,259.15,251.67,259.15,259.15,1014,85,10000,60.7333,77.5889,0,1618708189,RU,4.0
166,Domoni,299.78,299.78,299.78,299.78,1013,79,10000,-12.2569,44.5319,92,1618708189,KM,5.6
167,Hofn,280.62,277.01,280.62,280.62,996,99,263,64.2539,-15.2082,100,1618708190,IS,6.49
168,Olmos,297.86,298.03,297.86,297.86,1012,63,10000,-5.9847,-79.7453,75,1618708191,PE,2.37
169,Kahului,296.2,296.26,299.15,294.82,1017,65,10000,20.8947,-156.47,40,1618708191,US,6.17
170,Safaga,300.15,299.16,300.15,300.15,1012,17,10000,26.7292,33.9365,0,1618708192,EG,4.12
171,Ternate,301.55,305.08,301.55,301.55,1011,73,10000,0.8,127.4,44,1618708192,ID,3.02
172,Omsukchan,272.04,266.32,272.04,272.04,1010,65,10000,62.5333,155.8,45,1618708192,RU,5.95
173,Kajiado,291.15,291.46,291.15,291.15,1020,94,10000,-1.8524,36.7768,75,1618708193,KE,2.57
174,Tateyama,290.17,289.26,290.93,289.15,1001,51,10000,34.9833,139.8667,20,1618707962,JP,9.77
175,Bredasdorp,282.15,280.41,282.15,282.15,1016,93,10000,-34.5322,20.0403,0,1618708193,ZA,3.09
176,Guarapuava,286.72,286.56,286.72,286.72,1016,93,10000,-25.3953,-51.4581,41,1618708193,BR,1.32
177,Faanui,300.96,303.83,300.96,300.96,1011,73,10000,-16.4833,-151.75,62,1618707900,PF,3.48
178,Kodinsk,267.33,263.64,267.33,267.33,1023,76,10000,58.6881,99.1844,86,1618708194,RU,2.19
179,Kruisfontein,290.26,288.73,290.26,290.26,1016,27,10000,-34.0033,24.7314,0,1618707975,ZA,2.68
180,Hithadhoo,300.88,302.52,300.88,300.88,1013,63,10000,-0.6,73.0833,99,1618708196,MV,1.92
181,Ugoofaaru,301.73,305.31,301.73,301.73,1012,72,10000,5.6667,73.0,78,1618708196,MV,3.97
182,Orchard Homes,292.22,290.63,293.15,291.48,1021,17,10000,46.8633,-114.0484,1,1618708197,US,5.14
183,Myitkyina,295.87,296.13,295.87,295.87,1014,74,10000,25.3833,97.4,0,1618708198,MM,0.63
184,Dongsheng,281.48,278.45,281.48,281.48,1018,20,10000,39.8161,109.9776,0,1618708198,CN,5.5
185,Torit,295.77,295.92,295.77,295.77,1007,70,10000,4.4133,32.5678,100,1618708199,SS,1.52
186,Sur,300.91,301.25,300.91,300.91,1012,49,10000,22.5667,59.5289,42,1618708199,OM,1.94
187,Kuusamo,268.15,268.15,268.15,268.15,1032,93,10000,65.9667,29.1833,0,1618708200,FI,0.51
188,Fukuechō,286.15,284.81,286.15,286.15,1017,50,10000,32.6881,128.8419,40,1618708200,JP,8.75
189,Pilar,296.15,296.96,296.15,296.15,1014,94,5000,-9.5972,-35.9567,75,1618708201,BR,4.63
190,Yellowknife,273.86,270.43,274.15,273.71,1032,64,10000,62.456,-114.3525,75,1618708201,CA,3.09
191,Buta,293.97,294.56,293.97,293.97,1007,94,10000,2.7858,24.73,100,1618708201,CD,0.29
192,Falam,293.72,292.96,293.72,293.72,1015,43,10000,22.9167,93.6833,0,1618708202,MM,0.48
193,‘Ewa Beach,299.37,299.37,301.15,296.15,1016,54,10000,21.3156,-158.0072,90,1618708009,US,3.6
194,Alexandria,291.15,290.65,291.15,291.15,1014,63,10000,31.2156,29.9553,0,1618708080,EG,2.57
195,Korla,290.03,288.35,290.03,290.03,1012,22,10000,41.7597,86.1469,99,1618707989,CN,5.1
196,Contamana,296.28,297.21,296.28,296.28,1011,98,10000,-7.3333,-75.0167,100,1618708204,PE,1.18
197,Coahuayana Viejo,299.15,299.15,299.15,299.15,1013,29,10000,18.7333,-103.6833,1,1618708205,MX,5.14
198,Atambua,300.03,301.43,300.03,300.03,1013,65,10000,-9.1061,124.8925,74,1618707954,ID,1.24
199,Aklavik,280.1,277.34,281.15,279.15,1037,42,97,68.2191,-135.0107,100,1618708205,CA,4.12
200,Koulikoro,299.89,300.02,299.89,299.89,1010,44,10000,14.0,-7.75,81,1618708205,ML,2.8
201,Petropavlovsk-Kamchatskiy,283.15,281.15,283.15,283.15,1028,34,10000,53.0452,158.6483,100,1618708206,RU,4.0
202,Arrecife,292.15,291.99,292.15,292.15,1019,72,10000,28.963,-13.5477,75,1618708206,ES,5.14
203,Yerbogachën,260.88,252.46,260.88,260.88,1020,72,10000,61.2767,108.0108,93,1618707943,RU,5.55
204,Klaksvík,281.15,275.93,281.15,281.15,1013,87,10000,62.2266,-6.589,100,1618708208,FO,13.89
205,Gospić,281.15,279.2,281.15,281.15,1013,57,10000,44.5461,15.3747,0,1618708208,HR,3.09
206,Mokhsogollokh,267.9,261.67,267.9,267.9,1011,60,10000,61.4681,128.9203,100,1618708208,RU,4.99
207,Ketchikan,289.15,287.95,289.15,289.15,1024,44,10000,55.3422,-131.6461,1,1618708209,US,3.6
208,Diamantino,295.69,296.35,295.69,295.69,1012,90,10000,-14.4086,-56.4461,22,1618708209,BR,1.48
209,Moose Factory,272.15,268.87,272.15,272.15,1013,86,10000,51.2585,-80.6094,20,1618707959,CA,2.57
210,Nouadhibou,291.51,291.57,291.51,291.51,1014,83,10000,20.931,-17.0347,0,1618708209,MR,9.61
211,Gazojak,290.23,288.67,290.23,290.23,1020,26,10000,41.1875,61.4036,7,1618707983,TM,3.24
212,Mbuji-Mayi,294.19,294.78,294.19,294.19,1010,93,10000,-6.15,23.6,100,1618708210,CD,1.81
213,Prainha,296.46,297.38,296.46,296.46,1012,97,10000,-1.8,-53.48,99,1618708210,BR,1.23
214,Vágur,281.1,275.56,281.1,281.1,1014,77,10000,61.4732,-6.8119,100,1618708211,FO,15.69
215,Katangli,275.25,272.35,275.25,275.25,1014,93,3059,51.7102,143.2326,88,1618708212,RU,2.79
216,Vila do Maio,294.15,294.34,294.15,294.15,1016,78,10000,15.1333,-23.2167,20,1618708213,CV,5.14
217,Hasaki,292.14,290.98,293.15,290.93,997,34,10000,35.7333,140.8333,20,1618708148,JP,8.23
218,Challapata,283.26,281.01,283.26,283.26,1014,26,10000,-18.9,-66.7667,0,1618708214,BO,1.62
219,Saldanha,292.15,290.99,292.15,292.15,1014,34,10000,-33.0117,17.9442,0,1618708215,ZA,4.02
220,Souillac,297.15,298.06,297.15,297.15,1016,94,10000,-20.5167,57.5167,75,1618708216,MU,2.57
221,Nakamura,285.72,284.42,285.72,285.72,1014,53,10000,32.9833,132.9333,25,1618708218,JP,5.65
222,Abhā,285.6,285.04,286.15,285.15,1027,82,10000,18.2164,42.5053,20,1618708218,SA,2.57
223,Talcahuano,287.15,286.9,287.15,287.15,1017,88,10000,-36.7167,-73.1167,90,1618708219,CL,2.57
224,Agirish,264.77,257.59,264.77,264.77,1023,86,6411,61.9247,63.0231,100,1618708220,RU,5.23
225,Inhambane,292.26,292.13,292.26,292.26,1023,73,10000,-23.865,35.3833,55,1618708220,MZ,2.96
226,Campestre,288.32,288.29,288.32,288.32,1016,92,10000,-21.7111,-46.2464,96,1618708220,BR,0.71
227,Pevek,269.81,262.63,269.81,269.81,1008,86,10000,69.7008,170.3133,7,1618708221,RU,7.67
228,Ostrovnoy,271.07,266.92,271.07,271.07,1037,80,10000,68.0531,39.5131,100,1618708221,RU,3.25
229,Huilong,289.26,288.05,289.26,289.26,1022,43,10000,31.8111,121.655,82,1618707922,CN,1.34
230,Bac Lieu,301.54,304.59,301.54,301.54,1013,70,10000,9.285,105.7244,100,1618708185,VN,1.58
231,Qaqortoq,268.15,268.15,268.15,268.15,1013,50,10000,60.7167,-46.0333,20,1618708222,GL,1.03
232,West Fargo,285.32,283.64,285.93,284.15,1016,40,10000,46.875,-96.9004,20,1618708222,US,3.09
233,Cockburn Town,298.74,299.6,298.74,298.74,1016,86,10000,21.4612,-71.1419,0,1618708223,TC,6.39
234,Jalu,299.14,299.14,299.14,299.14,1008,24,10000,29.0331,21.5482,17,1618708224,LY,4.88
235,Piedecuesta,292.15,292.72,292.15,292.15,1015,100,6000,6.9879,-73.0495,75,1618708225,CO,1.54
236,Hobyo,301.41,304.33,301.41,301.41,1011,70,10000,5.3505,48.5268,12,1618708227,SO,4.64
237,Baixa Grande,294.3,294.46,294.3,294.3,1014,76,10000,-11.9597,-40.1681,90,1618708227,BR,2.2
238,Mehamn,274.57,269.96,274.57,274.57,1032,81,10000,71.0357,27.8492,68,1618708228,NO,5.09
239,Ereymentau,278.86,276.32,278.86,278.86,1019,72,10000,51.6199,73.1033,100,1618708228,KZ,3.28
240,Chico,302.07,300.49,302.59,301.48,1016,7,10000,39.7285,-121.8375,1,1618708135,US,3.09
241,Medowie,290.71,290.82,292.59,289.15,1021,88,10000,-32.7333,151.8667,90,1618708229,AU,4.63
242,Valdemārpils,280.15,278.0,280.15,280.15,1024,57,10000,57.3707,22.5919,0,1618708229,LV,3.09
243,Vao,297.0,297.45,297.0,297.0,1013,77,10000,-22.6667,167.4833,24,1618708229,NC,8.09
244,Houston,289.73,289.19,290.37,289.15,1015,67,10000,29.7633,-95.3633,90,1618707714,US,4.63
245,Severomuysk,263.32,256.48,263.32,263.32,1015,82,5031,56.1481,113.4267,100,1618708230,RU,4.34
246,Fairbanks,285.15,283.14,285.15,285.15,1031,28,10000,64.8378,-147.7164,1,1618708169,US,3.6
247,Il’inskiy,281.14,278.68,282.04,280.15,1019,36,10000,55.619,38.1182,0,1618708231,RU,4.0
248,Magadan,271.8,268.58,271.8,271.8,1017,89,10000,59.5667,150.8,100,1618708232,RU,2.45
249,Mount Gambier,288.15,288.0,288.15,288.15,1023,88,10000,-37.8333,140.7667,75,1618708232,AU,5.14
250,Lompoc,285.8,284.97,286.15,285.15,1016,71,10000,34.6391,-120.4579,10,1618708233,US,6.69
251,Kitui,290.3,290.6,290.3,290.3,1014,97,10000,-1.367,38.0106,100,1618708233,KE,2.53
252,Villa Vicente Guerrero,298.15,297.1,298.15,298.15,1019,15,10000,19.1194,-98.1708,40,1618708233,MX,9.77
253,Narsīpatnam,300.15,304.31,300.15,300.15,1011,94,4500,17.6667,82.6167,20,1618708234,IN,1.03
254,Zhigansk,263.78,255.97,263.78,263.78,1001,88,749,66.7697,123.3711,100,1618707993,RU,5.76
255,Bobrovytsya,278.03,276.38,278.71,277.59,1017,100,6000,50.75,31.3833,90,1618708235,UA,2.0
256,Cuamba,290.92,291.0,290.92,290.92,1019,86,10000,-14.8031,36.5372,66,1618708236,MZ,3.69
257,Muli,301.58,304.22,301.58,301.58,1013,67,10000,2.9167,73.5667,42,1618708237,MV,4.54
258,Chino Valley,287.38,285.46,287.59,287.04,1015,23,10000,34.7575,-112.4538,75,1618708237,US,2.06
259,Mthatha,285.09,283.57,285.09,285.09,1021,47,10000,-31.5889,28.7844,84,1618707943,ZA,2.38
260,Clyde River,259.15,250.19,259.15,259.15,1014,85,10000,70.4692,-68.5914,90,1618708239,CA,5.66
261,Hudiksvall,275.98,273.88,275.98,275.98,1033,68,10000,61.729,17.1036,7,1618708239,SE,2.1
262,Nkhotakota,294.03,294.34,294.03,294.03,1017,83,10000,-12.9274,34.2961,84,1618708087,MW,6.46
263,Adrar,295.44,294.27,295.44,295.44,1012,21,10000,20.5022,-10.0711,0,1618708240,MR,4.57
264,Burē,291.55,290.73,291.55,291.55,1012,49,10000,10.7,37.0667,88,1618708240,ET,2.18
265,Bathsheba,299.15,299.15,299.15,299.15,1015,65,10000,13.2167,-59.5167,40,1618708241,BB,8.75
266,Cidreira,294.31,294.7,294.31,294.31,1016,85,10000,-30.1811,-50.2056,100,1618708241,BR,3.45
267,Tabas,293.85,292.52,293.85,293.85,1016,21,10000,33.5959,56.9244,100,1618708241,IR,1.44
268,Ust'-Omchug,270.46,265.26,270.46,270.46,1014,82,10000,61.15,149.6333,100,1618708242,RU,4.41
269,Klichka,281.16,279.74,281.16,281.16,1003,35,10000,50.4457,117.996,8,1618708242,RU,2.34
270,Rutland,275.56,275.56,277.15,273.71,1009,93,10000,43.6167,-73.0162,90,1618708177,US,1.02
271,Greensburg,279.5,277.59,280.37,278.15,1012,76,10000,40.3015,-79.5389,40,1618708068,US,2.57
272,Ayagoz,280.25,278.6,280.25,280.25,1021,76,10000,47.9714,80.4392,6,1618707965,KZ,2.42
273,Kāmāreddi,300.84,300.27,300.84,300.84,1012,35,10000,18.3167,78.35,47,1618708244,IN,1.96
274,Ubari,298.86,298.11,298.86,298.86,1011,24,10000,26.5921,12.7805,100,1618708244,LY,2.98
275,Tupik,278.76,277.9,278.76,278.76,1000,65,10000,54.4253,119.9327,100,1618708245,RU,1.42
276,Leningradskiy,274.8,270.97,274.8,274.8,1011,83,10000,69.3833,178.4167,100,1618708245,RU,3.88
277,Erdenet,276.38,272.97,276.38,276.38,1014,63,10000,49.0333,104.0833,7,1618708245,MN,3.79
278,Batagay,265.52,261.47,265.52,265.52,995,79,4351,67.6333,134.6333,100,1618708246,RU,2.22
279,Lagunas,295.98,296.88,295.98,295.98,1012,98,10000,-5.2269,-75.6753,100,1618708246,PE,1.13
280,Ust-Kuyga,265.02,259.9,265.02,265.02,995,87,456,70.0167,135.6,100,1618708246,RU,2.99
281,São Filipe,295.19,295.36,295.19,295.19,1015,73,10000,14.8961,-24.4956,0,1618708247,CV,4.4
282,Kralendijk,300.15,302.7,300.15,300.15,1012,78,10000,12.15,-68.2667,10,1618708247,BQ,7.72
283,Labuhan,300.16,302.73,300.16,300.16,1013,78,10000,-6.8844,112.2051,93,1618708247,ID,1.47
284,Kabo,298.6,298.43,298.6,298.6,1006,47,10000,7.6994,18.629,100,1618708248,CF,1.42
285,Lagoa,289.2,289.24,289.2,289.2,1020,91,10000,39.05,-27.9833,13,1618708005,PT,8.23
286,Weyburn,287.15,285.39,287.15,287.15,1018,30,10000,49.6668,-103.8511,100,1618708191,CA,5.14
287,Tual,300.49,303.22,300.49,300.49,1011,76,10000,-5.6667,132.75,100,1618708248,ID,4.58
288,Arman',271.94,270.15,271.94,271.94,1017,93,758,59.7,150.1667,100,1618708249,RU,1.42
289,Abu Kamal,295.53,294.45,295.53,295.53,1016,24,10000,34.4506,40.9171,12,1618708250,SY,0.84
290,Presque Isle,275.03,270.25,276.15,274.26,1009,87,10000,46.6811,-68.0159,90,1618708251,US,5.66
291,Alofi,301.15,303.69,301.15,301.15,1012,69,10000,-19.0595,-169.9187,7,1618708253,NU,3.09
292,Kiruna,268.15,264.12,268.15,268.15,1031,86,10000,67.8557,20.2251,6,1618708254,SE,2.57
293,Tura,294.76,295.01,294.76,294.76,1013,78,10000,25.5198,90.2201,1,1618707977,IN,1.65
294,Havelock,288.5,287.97,289.82,287.04,1011,72,10000,34.8791,-76.9013,1,1618708254,US,1.79
295,Angoche,297.39,297.44,297.39,297.39,1017,60,10000,-16.2325,39.9086,97,1618708256,MZ,6.5
296,Alta Floresta,294.54,295.24,294.54,294.54,1013,96,10000,-9.8756,-56.0861,100,1618708257,BR,1.79
297,Morondava,293.69,293.16,293.69,293.69,1015,52,10000,-20.2833,44.2833,0,1618708257,MG,5.18
298,Waipawa,290.14,289.23,290.37,289.82,1013,51,10000,-41.4122,175.5153,2,1618708055,NZ,5.14
299,Lüderitz,298.61,298.2,298.61,298.61,1013,38,10000,-26.6481,15.1594,7,1618708258,NA,3.55
300,Nānākuli,298.19,298.16,300.15,296.15,1016,54,10000,21.3906,-158.1547,90,1618708259,US,3.6
301,Kita,301.88,302.04,301.88,301.88,1009,46,10000,13.0349,-9.4895,96,1618708260,ML,1.76
302,Oktyabr'skiy,276.85,274.62,276.85,276.85,1021,70,10000,54.4815,53.471,0,1618708248,RU,2.38
303,Misheronskiy,278.1,274.63,278.1,278.1,1021,72,10000,55.7193,39.7383,10,1618708261,RU,4.59
304,Camacha,289.15,288.82,289.15,289.15,1022,77,10000,33.0833,-16.3333,40,1618708261,PT,4.63
305,Central Point,299.47,299.47,301.15,298.71,1019,13,10000,42.376,-122.9164,1,1618708261,US,3.6
306,Longyearbyen,273.15,271.33,273.15,273.15,1012,69,10000,78.2186,15.6401,75,1618708249,SJ,1.54
307,Fortuna,286.25,285.89,288.15,284.82,1020,87,10000,40.5982,-124.1573,1,1618708003,US,4.63
308,Nizhniy Kuranakh,271.49,267.91,271.49,271.49,1012,63,10000,58.8353,125.4869,100,1618708262,RU,2.74
309,Hamilton,281.67,280.57,282.59,280.93,1013,76,10000,39.1834,-84.5333,20,1618708230,US,2.06
310,Pemba,294.99,295.68,295.15,294.82,1015,94,10000,-12.974,40.5178,20,1618708264,MZ,4.12
311,Zuwārah,289.14,288.7,289.14,289.14,1015,73,10000,32.9312,12.082,100,1618708264,LY,4.46
312,Marzuq,292.41,291.44,292.41,292.41,1015,40,10000,14.4,46.4667,0,1618708264,YE,1.51
313,Revelstoke,296.15,295.05,296.15,296.15,1020,21,10000,50.9832,-118.2023,1,1618708265,CA,2.06
314,Mogadishu,301.33,304.46,301.33,301.33,1011,72,10000,2.0371,45.3438,19,1618708220,SO,4.11
315,Tuy Hoa,299.69,299.69,299.69,299.69,1014,70,10000,13.0833,109.3,43,1618708265,VN,1.91
316,Turtas,274.87,270.23,274.87,274.87,1006,94,4874,58.9417,69.1325,100,1618708266,RU,5.29
317,Svetlaya,277.8,273.18,277.8,277.8,1008,79,10000,46.5389,138.3297,100,1618708266,RU,7.1
318,Trincomalee,299.45,299.45,299.45,299.45,1013,80,10000,8.5711,81.2335,95,1618708267,LK,2.73
319,Sambava,297.4,298.15,297.4,297.4,1014,87,10000,-14.2667,50.1667,68,1618708249,MG,2.41
320,Olafsvik,275.91,270.76,275.91,275.91,998,63,10000,64.8945,-23.7142,100,1618708268,IS,7.07
321,Manacor,277.98,277.98,278.71,277.15,1019,93,10000,39.5696,3.2096,20,1618708269,ES,0.51
322,Saint-Leu,294.71,295.09,297.15,290.93,1017,83,10000,-21.15,55.2833,90,1618708269,RE,3.6
323,Emirdağ,289.83,288.96,289.83,289.83,1015,54,10000,39.0197,31.15,100,1618708270,TR,14.75
324,Ligayan,301.4,304.76,301.4,301.4,1011,73,10000,4.6533,119.4706,99,1618708271,PH,4.24
325,Bloomingdale,297.58,298.25,298.15,297.04,1013,83,10000,27.8936,-82.2404,1,1618707993,US,3.09
326,Ponta Delgada,290.15,290.52,290.15,290.15,1022,100,10000,37.7333,-25.6667,75,1618708271,PT,3.6
327,Soller,279.94,277.92,280.93,278.71,1015,85,10000,39.7662,2.7152,56,1618708272,ES,2.83
328,Santa Barbara,292.62,292.16,295.37,289.15,1015,59,10000,34.7333,-120.0343,1,1618708135,US,4.63
329,Pajapita,296.39,296.83,302.15,292.59,1009,79,10000,14.7167,-92.0333,75,1618708273,GT,3.09
330,Nuuk,263.15,255.24,263.15,263.15,1017,52,10000,64.1835,-51.7216,0,1618708273,GL,5.66
331,Beya,272.13,270.42,272.13,272.13,1021,86,10000,53.0533,90.9139,100,1618708273,RU,1.39
332,Meru,288.35,288.22,288.35,288.35,1015,88,10000,0.0463,37.6559,34,1618708274,KE,2.42
333,Keflavik,275.53,269.84,276.15,275.15,1000,80,10000,64.0049,-22.5624,75,1618708274,IS,8.23
334,Saint-Joseph,293.58,293.85,296.15,290.93,1017,83,10000,-21.3667,55.6167,90,1618708275,RE,3.6
335,Provideniya,273.31,270.06,273.31,273.31,1027,90,10000,64.3833,-173.3,92,1618708020,RU,2.76
336,Ballina,292.37,292.12,293.15,291.48,1018,68,10000,-28.8667,153.5667,90,1618708276,AU,5.66
337,Palm Harbor,297.66,298.31,298.15,297.04,1010,82,10000,28.0781,-82.7637,59,1618708061,US,1.34
338,Los Alamos,276.3,273.0,278.15,275.37,1020,65,10000,35.8881,-106.307,90,1618708277,US,3.6
339,Thompson,271.15,265.07,271.15,271.15,1020,69,10000,55.7435,-97.8558,90,1618708278,CA,6.17
340,Newport,276.64,276.64,277.04,275.93,1025,76,10000,51.5877,-2.9984,100,1618708264,GB,0.36
341,Ranong,298.15,299.16,298.15,298.15,1012,94,10000,9.9658,98.6348,20,1618708279,TH,0.51
342,Caravelas,296.36,296.77,296.36,296.36,1014,78,10000,-17.7125,-39.2481,77,1618708279,BR,2.68
343,Imbituba,294.15,294.6,294.15,294.15,1014,88,10000,-28.24,-48.6703,75,1618708280,BR,2.57
344,Sitka,285.15,284.13,285.15,285.15,1025,66,10000,57.0531,-135.33,75,1618708125,US,1.3
345,Tessalit,302.39,300.79,302.39,302.39,1009,20,10000,20.1986,1.0114,100,1618708281,ML,2.86
346,Yakeshi,275.72,274.47,275.72,275.72,1008,92,10000,49.2833,120.7333,0,1618708282,CN,1.4
347,Vavozh,275.01,272.51,275.01,275.01,1023,84,10000,56.7751,51.931,6,1618708283,RU,2.32
348,Balkhash,282.52,279.83,282.52,282.52,1019,64,10000,46.844,74.9804,100,1618708283,KZ,5.33
349,Toora-Khem,272.25,272.25,272.25,272.25,1022,66,10000,52.4675,96.11,97,1618708284,RU,1.1
350,Ruska Poliana,279.11,277.94,279.11,279.11,1019,83,10000,49.417,31.9201,100,1618708285,UA,1.71
351,Baruun-Urt,284.12,281.74,284.12,284.12,1006,18,10000,46.6806,113.2792,0,1618708285,MN,8.89
352,São João da Barra,297.19,297.79,297.19,297.19,1015,82,10000,-21.6403,-41.0511,100,1618708241,BR,5.96
353,Lorengau,301.87,305.11,301.87,301.87,1009,69,10000,-2.0226,147.2712,94,1618708261,PG,4.02
354,Kirensk,266.23,260.91,266.23,266.23,1025,61,10000,57.7853,108.1119,9,1618708287,RU,3.41
355,Belyy Yar,270.15,267.34,270.15,270.15,1019,74,10000,53.6039,91.3903,0,1618708288,RU,1.9
356,Lianzhou,292.35,292.81,292.35,292.35,1018,95,10000,24.7811,112.3825,100,1618708288,CN,0.6
357,Gorodishche,279.99,279.99,280.15,279.82,1019,87,10000,48.8045,44.4744,0,1618708289,RU,1.0
358,Zharkent,285.84,284.63,285.84,285.84,1020,56,10000,44.1628,80.0,29,1618708289,KZ,2.18
359,Waitati,288.71,287.84,288.71,288.71,1007,58,10000,-45.75,170.5667,100,1618708289,NZ,2.24
360,Necochea,290.93,291.19,290.93,290.93,1019,93,10000,-38.5473,-58.7368,42,1618708271,AR,1.79
361,Kavaratti,301.97,305.14,301.97,301.97,1012,68,10000,10.5669,72.642,3,1618708290,IN,2.56
362,Ouadda,294.26,293.44,294.26,294.26,1008,39,10000,8.0777,22.4007,100,1618708291,CF,1.01
363,Lavrentiya,273.11,268.45,273.11,273.11,1028,87,10000,65.5833,-171.0,59,1618708015,RU,4.56
364,Tokur,277.28,277.28,277.28,277.28,1011,51,10000,53.1333,132.9,0,1618708292,RU,1.2
365,Anchorage,285.0,282.92,286.15,284.15,1027,26,10000,61.2181,-149.9003,1,1618708237,US,2.57
366,Tautira,304.15,308.5,304.15,304.15,1011,62,10000,-17.7333,-149.15,20,1618708293,PF,5.14
367,Port Hardy,290.54,289.3,294.15,285.15,1022,37,10000,50.6996,-127.4199,1,1618708293,CA,4.63
368,Port Lincoln,290.96,290.18,290.96,290.96,1026,53,10000,-34.7333,135.8667,6,1618708293,AU,2.28
369,Huaicheng,293.49,293.9,293.49,293.49,1017,89,10000,23.9051,112.1931,100,1618708294,CN,0.46
370,Saint Anthony,285.13,283.22,286.15,284.26,1015,32,10000,45.0205,-93.218,90,1618708294,US,4.12
371,Rocha,288.12,288.13,288.12,288.12,1019,94,10000,-34.4833,-54.3333,85,1618708295,UY,1.59
372,Inírida,296.79,297.69,296.79,296.79,1011,95,10000,3.8653,-67.9239,100,1618708296,CO,1.12
373,Makkah al Mukarramah,300.02,300.12,300.02,300.02,1011,44,10000,21.4267,39.8261,73,1618708297,SA,7.2
374,Baoro,294.73,295.11,294.73,294.73,1009,83,10000,5.6667,15.9667,100,1618708297,CF,2.7
375,Jaisalmer,299.25,299.25,299.25,299.25,1011,36,10000,26.9147,70.9181,0,1618708298,IN,1.64
376,Dragoman,279.27,277.72,279.82,278.15,968,100,1502,42.9189,22.9317,100,1618708298,BG,2.11
377,Paita,294.22,294.45,294.22,294.22,1012,79,10000,-5.0892,-81.1144,99,1618708299,PE,6.0
378,Biak,300.82,302.74,300.82,300.82,1012,66,10000,-0.9131,122.8766,81,1618708299,ID,1.78
379,Turukhansk,257.26,249.84,257.26,257.26,1011,83,10000,65.8167,87.9833,88,1618708300,RU,3.56
380,Puerto Nariño,299.15,299.15,299.15,299.15,1010,94,10000,-3.7703,-70.3831,40,1618708301,CO,1.03
381,Quatá,291.82,291.88,291.82,291.82,1013,82,10000,-22.2475,-50.6983,14,1618708301,BR,2.57
382,Diré,301.7,302.24,301.7,301.7,1009,50,10000,12.2833,-10.9667,92,1618708302,ML,1.86
383,San Cristobal,302.15,304.34,302.15,302.15,1012,61,10000,7.7669,-72.225,40,1618708303,VE,4.12
384,Ciudad Bolivar,302.55,303.77,302.55,302.55,1012,53,10000,8.1222,-63.5497,100,1618708304,VE,7.15
385,Cooma,283.15,282.29,283.15,283.15,1022,71,10000,-36.2333,149.1333,40,1618708305,AU,2.06
386,Abadan,287.15,285.83,287.15,287.15,1019,47,10000,38.0507,58.2056,12,1618708306,TM,1.03
387,Mount Isa,299.15,299.15,299.15,299.15,1017,29,10000,-20.7333,139.5,0,1618708307,AU,6.69
388,Laas,274.13,270.75,275.93,272.15,1013,74,10000,46.6166,10.7002,0,1618708308,IT,3.09
389,Hervey Bay,297.04,297.34,297.04,297.04,1014,71,10000,-25.2986,152.8535,30,1618708308,AU,2.24
390,Aksu,287.65,285.89,287.65,287.65,1013,28,10000,41.1231,80.2644,75,1618708282,CN,1.8
391,Matehuala,297.73,297.39,297.73,297.73,1005,44,10000,23.65,-100.65,59,1618708310,MX,7.23
392,Nakambala,288.53,288.29,288.53,288.53,1019,83,10000,-15.8324,27.7799,100,1618708310,ZM,3.44
393,Abalak,275.53,271.09,275.53,275.53,1008,84,10000,58.1286,68.5944,100,1618708310,RU,5.24
394,Toamasina,294.15,294.76,294.15,294.15,1017,94,6000,-18.1667,49.3833,75,1618708311,MG,5.66
395,Comodoro Rivadavia,286.15,285.36,286.15,286.15,1012,71,10000,-45.8667,-67.5,0,1618708123,AR,0.51
396,Preobrazheniye,281.4,280.12,281.4,281.4,1003,54,10000,42.9019,133.9064,100,1618708311,RU,2.22
397,Acarí,295.58,295.84,295.58,295.58,1013,75,10000,-15.4311,-74.6158,11,1618708312,PE,1.41
398,Yeppoon,298.15,298.09,298.15,298.15,1016,53,10000,-23.1333,150.7333,0,1618708312,AU,2.06
399,Mpongwe,287.18,286.99,287.18,287.18,1019,90,10000,-13.5091,28.155,12,1618708312,ZM,3.96
400,Tandaltī,299.73,299.73,299.73,299.73,1005,5,10000,13.0167,31.8667,2,1618708313,SD,4.67
401,Casambalangan,298.98,299.76,298.98,298.98,1013,82,10000,18.3765,122.1274,88,1618708313,PH,7.19
402,Marsh Harbour,298.26,298.81,298.26,298.26,1013,76,10000,26.5412,-77.0636,7,1618708313,BS,3.54
403,Victor Harbor,291.48,290.78,291.48,291.48,1023,54,10000,-35.5667,138.6167,48,1618708314,AU,2.71
404,Husavik,276.15,273.62,276.15,276.15,997,100,10000,66.0449,-17.3389,90,1618708314,IS,2.57
405,Vangaindrano,289.73,289.22,289.73,289.73,1021,68,10000,-23.35,47.6,20,1618708267,MG,3.32
406,Lachute,280.12,280.12,280.37,279.82,1010,65,10000,45.6501,-74.3325,75,1618708315,CA,1.03
407,Santa Lucía,291.88,291.58,292.15,291.48,1019,68,10000,27.9117,-15.5407,20,1618708316,ES,7.72
408,Reggio Calabria,286.64,285.66,287.15,285.93,1013,62,10000,38.1105,15.6613,90,1618708316,IT,2.57
409,Pokhara,295.19,294.13,295.19,295.19,1013,26,10000,28.2333,83.9833,2,1618708317,NP,2.55
410,Nishihara,292.9,292.21,293.15,292.04,1020,49,10000,26.1842,127.7558,20,1618708317,JP,7.72
411,Cascais,287.58,286.96,288.15,287.04,1020,72,10000,38.6979,-9.4215,100,1618708317,PT,2.68
412,Samarai,302.21,306.59,302.21,302.21,1009,73,10000,-10.6167,150.6667,69,1618708045,PG,5.67
413,Ongandjera,297.23,296.53,297.23,297.23,1013,32,10000,-17.8833,15.0667,100,1618708318,NA,3.66
414,Marshalltown,284.95,283.1,285.37,284.26,1015,35,10000,42.0494,-92.908,75,1618708318,US,3.6
415,Katsuura,290.97,289.83,292.04,290.37,1001,39,10000,35.1333,140.3,0,1618708319,JP,5.36
416,Methóni,290.06,290.1,290.93,289.15,1011,88,10000,36.8197,21.7049,100,1618708320,GR,1.03
417,São Paulo de Olivença,296.0,296.9,296.0,296.0,1012,98,10000,-3.3783,-68.8725,97,1618708320,BR,0.74
418,Caçador,286.42,286.39,286.42,286.42,1017,99,8055,-26.7753,-51.015,46,1618708321,BR,0.83
419,Waingapu,301.16,304.11,301.16,301.16,1013,72,10000,-9.6567,120.2641,99,1618708322,ID,3.66
420,Los Llanos de Aridane,288.83,288.23,293.15,285.93,1021,68,10000,28.6585,-17.9182,40,1618708323,ES,6.17
421,Puri,299.15,299.15,299.15,299.15,1011,94,6000,19.8,85.85,20,1618708324,IN,2.06
422,Ikot Ekpene,298.28,299.17,298.28,298.28,1010,89,10000,5.1794,7.7108,100,1618708324,NG,1.79
423,Airai,294.72,294.45,294.72,294.72,1014,58,10000,-8.9266,125.4092,58,1618708325,TL,1.34
424,Soe,297.55,297.66,297.55,297.55,1014,62,10000,-9.8607,124.284,100,1618708326,ID,1.87
425,Roald,277.99,274.47,278.15,277.59,1029,56,10000,62.5833,6.1333,0,1618708326,NO,4.63
426,San Vicente,289.94,289.79,289.94,289.94,1014,81,10000,-26.6167,-54.1333,13,1618708327,AR,1.62
427,Itarema,298.68,299.51,298.68,298.68,1012,85,10000,-2.9248,-39.9167,47,1618708057,BR,4.43
428,Sibolga,299.34,299.34,299.34,299.34,1014,75,10000,1.7427,98.7792,95,1618708328,ID,0.83
429,Yangi Marg`ilon,287.15,285.94,287.15,287.15,1016,51,10000,40.4272,71.7189,100,1618708328,UZ,2.06
430,San-Pédro,297.48,298.34,297.48,297.48,1011,91,10000,4.7485,-6.6363,98,1618708329,CI,1.48
431,Garden Acres,302.37,300.68,303.15,301.15,1013,13,10000,37.9638,-121.2294,1,1618708329,US,5.66
432,Aberdeen,277.11,274.34,277.59,276.48,1025,93,10000,57.1437,-2.0981,25,1618708329,GB,3.09
433,Kulhudhuffushi,301.86,305.43,301.86,301.86,1012,71,10000,6.6221,73.07,100,1618708330,MV,2.88
434,Jackson,299.47,299.47,301.15,298.71,1019,13,10000,42.4165,-122.8345,1,1618708330,US,3.6
435,Szentlőrinckáta,275.95,273.89,277.15,274.82,1016,81,10000,47.5195,19.7529,0,1618708331,HU,2.06
436,Oranjestad,299.98,302.77,300.15,299.82,1012,83,10000,12.524,-70.027,20,1618708331,AW,10.29
437,Juelsminde,279.82,277.37,280.93,278.71,1024,80,10000,55.7088,10.0167,85,1618708332,DK,3.45
438,Kieta,302.6,306.89,302.6,302.6,1009,70,10000,-6.2167,155.6333,100,1618708332,PG,0.96
439,San Juan Bautista,292.86,293.05,293.15,292.59,1011,83,10000,-14.0108,-75.7358,0,1618708333,PE,6.17
440,Campbeltown,278.79,275.22,281.15,275.37,1023,87,10000,55.4258,-5.6076,75,1618708333,GB,5.14
441,Seoul,283.15,280.69,283.15,283.15,1018,53,10000,37.5683,126.9778,20,1618708152,KR,5.14
442,Cehegín,285.4,284.8,285.93,284.82,1016,81,10000,38.0924,-1.7985,3,1618708334,ES,0.45
443,Poum,299.83,301.48,299.83,299.83,1012,70,10000,-20.2333,164.0167,19,1618708334,NC,7.51
444,Radviliškis,280.15,278.37,280.15,280.15,1022,65,10000,55.8167,23.5333,45,1618708334,LT,2.57
445,Juneau,287.44,285.81,293.15,282.59,1026,34,10000,58.3019,-134.4197,75,1618708335,US,4.12
446,Denpasar,301.15,305.72,301.15,301.15,1013,83,10000,-8.65,115.2167,20,1618708335,ID,1.03
447,Avera,291.22,290.54,293.15,290.15,1010,56,10000,33.194,-82.5271,75,1618708335,US,1.54
448,Port Moresby,302.21,306.2,302.21,302.21,1008,71,10000,-9.4431,147.1797,100,1618708336,PG,2.78
449,Constitución,286.37,286.02,286.37,286.37,1017,87,10000,-35.3333,-72.4167,100,1618708156,CL,1.78
450,Buala,303.07,307.3,303.07,303.07,1008,67,10000,-8.145,159.5921,97,1618708113,SB,2.83
451,Bonfim,299.81,299.81,299.81,299.81,1012,66,10000,3.0833,-59.95,30,1618708336,BR,3.99
452,Pueblo Nuevo,289.29,287.87,289.29,289.29,1011,35,10000,23.3833,-105.3833,0,1618708337,MX,2.4
453,Kargasok,267.89,261.06,267.89,267.89,1011,73,10000,59.0556,80.8572,99,1618708338,RU,5.93
454,Vila,280.93,280.93,280.93,280.93,1021,81,10000,42.0304,-8.1588,100,1618708338,PT,0.89
455,Pavlodar,271.15,267.25,271.15,271.15,1018,80,10000,52.3,76.95,0,1618708210,KZ,3.0
456,Caxias,287.48,287.11,288.15,287.04,1019,82,10000,38.7031,-9.2767,0,1618708338,PT,2.57
457,Reyes,296.07,296.95,296.07,296.07,1011,97,10000,-14.3167,-67.3833,4,1618708339,BO,0.43
458,Ust-Maya,274.84,271.36,274.84,274.84,1010,62,10000,60.4167,134.5333,100,1618708339,RU,3.41
459,Maragogi,297.89,298.61,297.89,297.89,1013,84,10000,-9.0122,-35.2225,76,1618708340,BR,2.34
460,Srednekolymsk,273.47,266.84,273.47,273.47,995,76,10000,67.45,153.6833,17,1618708340,RU,9.1
461,Sapuyes,282.38,281.51,282.38,282.38,1018,95,7552,1.0373,-77.6209,99,1618708340,CO,1.92
462,Krasnosel'kup,250.5,239.54,250.5,250.5,1017,96,10000,65.7,82.4667,21,1618708217,RU,5.37
463,Stornoway,280.24,275.56,280.37,280.15,1019,87,6000,58.2093,-6.3865,75,1618708342,GB,9.77
464,Shaowu,292.46,292.2,292.46,292.46,1019,67,10000,27.3409,117.4831,99,1618708343,CN,1.28
465,Olinda,296.15,296.8,296.15,296.15,1013,88,6000,-8.0089,-34.8553,75,1618708344,BR,0.51
466,Auki,302.92,306.75,302.92,302.92,1008,66,10000,-8.7676,160.7034,99,1618708344,SB,0.89
467,Chumikan,272.82,272.82,272.82,272.82,1012,80,6677,54.7183,135.315,33,1618708345,RU,0.83
468,Kerema,301.37,305.31,301.37,301.37,1008,77,10000,-7.9631,145.7785,89,1618708345,PG,2.68
469,Seddon,290.68,290.24,292.59,289.15,1023,67,10000,-37.8068,144.8916,90,1618708346,AU,4.12
470,Phetchabun,296.15,297.12,296.15,296.15,1012,100,4000,16.25,101.0833,75,1618708250,TH,1.54
471,Pisco,292.91,293.11,293.15,292.59,1011,83,10000,-13.7,-76.2167,0,1618708149,PE,6.17
472,Mnogovershinnyy,273.74,272.24,273.74,273.74,1013,98,127,53.9353,139.9242,91,1618708348,RU,1.39
473,Bhikangaon,301.46,300.26,301.46,301.46,1012,25,10000,21.8667,75.95,0,1618708349,IN,2.58
474,Ocotal,297.17,297.66,297.17,297.17,1011,78,10000,13.6321,-86.4752,100,1618708350,NI,1.28
475,Mangai,294.11,294.77,294.11,294.11,1008,96,10000,-4.05,19.5333,100,1618708350,CD,1.17
476,Kaeo,292.59,292.13,292.59,292.59,1018,59,10000,-35.1,173.7833,98,1618708351,NZ,1.41
477,Benedita,285.58,285.2,285.93,284.82,1019,89,10000,39.4247,-8.97,100,1618708351,PT,1.34
478,High Level,280.15,276.34,280.15,280.15,1032,42,10000,58.5169,-117.136,75,1618708112,CA,6.69
479,Nara,286.74,285.56,287.59,286.15,1009,54,10000,34.6851,135.8049,40,1618708351,JP,6.69
480,Hay River,279.66,277.41,280.15,279.15,1034,39,10000,60.8156,-115.7999,100,1618708352,CA,3.09
481,Viedma,288.81,288.86,288.81,288.81,1015,93,10000,-40.8135,-62.9967,49,1618708352,AR,4.97
482,Flin Flon,273.6,269.52,273.6,273.6,1022,92,2994,54.7682,-101.865,100,1618708352,CA,3.86
483,Oddur,295.83,296.37,295.83,295.83,1012,85,10000,4.1213,43.8894,43,1618708353,SO,3.07
484,Oktyabr'skoye,283.15,282.34,283.15,283.15,1019,87,10000,43.0645,44.7417,100,1618708353,RU,2.0
485,Sioux Lookout,283.15,281.34,283.15,283.15,1013,29,10000,50.1001,-91.917,75,1618708353,CA,3.6
486,Shāhpur,303.38,302.56,303.38,303.38,1011,35,10000,16.7,76.8333,100,1618708354,IN,5.77
487,Kudat,301.15,305.72,301.15,301.15,1011,83,10000,6.8837,116.8477,20,1618708354,MY,3.6
488,Rio Pardo de Minas,295.62,295.28,295.62,295.62,1014,52,10000,-15.6097,-42.5397,99,1618708354,BR,2.17
489,Emerald,296.54,296.21,297.04,296.15,1018,49,10000,-23.5333,148.1667,0,1618708355,AU,5.66
490,Tromsø,277.15,273.17,277.15,277.15,1032,60,10000,69.6496,18.957,0,1618708277,NO,5.14
491,Nago,292.79,292.09,293.15,292.04,1019,49,10000,26.5881,127.9761,1,1618708150,JP,8.23
492,Skovorodino,279.11,277.52,279.11,279.11,1004,65,10000,53.9833,123.9167,100,1618708357,RU,2.12
493,Verkhoyansk,264.59,264.59,264.59,264.59,996,85,417,67.5447,133.385,100,1618708123,RU,1.32
494,Ancud,282.77,280.88,284.15,281.48,1012,100,10000,-41.8697,-73.8203,20,1618708357,CL,3.6
495,Octeville,278.07,276.95,278.71,277.15,1026,75,10000,49.6261,-1.6435,0,1618708357,FR,1.54
496,Nabire,300.01,302.76,300.01,300.01,1011,82,10000,-3.3667,135.4833,88,1618708093,ID,0.39
497,São José da Coroa Grande,298.02,298.76,298.02,298.02,1013,84,10000,-8.8978,-35.1478,59,1618708358,BR,2.53
498,Yaan,298.65,299.29,298.65,298.65,1009,78,10000,7.3833,8.5667,100,1618708358,NG,2.94
499,Shahrud,286.28,284.75,286.28,286.28,1020,42,10000,36.4182,54.9763,100,1618708359,IR,0.74
500,San Patricio,289.74,289.33,290.15,289.26,1015,72,10000,28.017,-97.5169,90,1618708209,US,4.12
501,Verkhnyaya Inta,257.1,250.76,257.1,257.1,1032,86,10000,65.9811,60.3094,15,1618708360,RU,2.73
502,Eureka,284.7,284.52,288.15,281.15,1021,100,8047,40.8021,-124.1637,90,1618708332,US,1.54
503,Iglesias,280.1,278.31,280.93,279.15,1015,100,10000,39.3114,8.535,0,1618708361,IT,2.57
504,Georgiyevka,281.15,281.15,281.15,281.15,1018,87,3700,43.0369,74.7114,82,1618708362,KZ,1.0
505,Kilindoni,299.51,299.51,299.51,299.51,1012,81,10000,-7.9139,39.6668,46,1618708173,TZ,9.64
506,Río Gallegos,284.15,282.72,284.15,284.15,1003,54,10000,-51.6226,-69.2181,40,1618708363,AR,4.63
507,Māngrol,298.41,299.16,298.41,298.41,1012,83,10000,21.1167,70.1167,0,1618708364,IN,3.42
508,Ust'-Kishert',275.5,272.09,275.5,275.5,1020,83,10000,57.3654,57.2495,3,1618708364,RU,3.5
509,Xalapa,292.53,292.72,292.53,292.53,1011,84,10000,19.5333,-96.9167,95,1618708221,MX,1.29
510,Cabo San Lucas,298.72,298.4,299.26,297.59,1011,41,10000,22.8909,-109.9124,1,1618708365,MX,2.06
511,Walvis Bay,304.15,302.63,304.15,304.15,1013,27,10000,-22.9575,14.5053,100,1618708365,NA,6.17
512,Asău,277.59,276.5,277.59,277.59,1017,55,10000,46.4333,26.4,49,1618708365,RO,1.47
513,Bukachacha,283.59,281.58,283.59,283.59,999,34,10000,52.9833,116.9167,95,1618708366,RU,2.21
514,Zabid,299.02,299.2,299.02,299.02,1010,59,10000,14.1951,43.3152,18,1618708366,YE,3.82
515,Bozdar Wada,295.15,295.08,295.15,295.15,1008,64,4000,27.1828,68.636,0,1618708367,PK,3.09
516,Broken Hill,288.15,287.22,288.15,288.15,1026,58,10000,-31.95,141.4333,0,1618708367,AU,5.66
517,Bambanglipuro,299.82,301.95,299.82,299.82,1014,77,10000,-7.95,110.2833,41,1618708368,ID,1.13
518,Sidhi,301.57,300.38,301.57,301.57,1011,26,10000,24.4167,81.8833,36,1618708368,IN,0.81
519,Quartucciu,280.16,278.38,280.93,279.15,1015,100,10000,39.2519,9.1794,0,1618708368,IT,2.57
520,Ladário,299.6,299.6,299.6,299.6,1010,61,10000,-19.0047,-57.6017,65,1618708369,BR,1.17
521,Narok,285.76,285.53,285.76,285.76,1016,94,10000,-1.0783,35.8601,36,1618708369,KE,2.73
522,Kholmogory,271.15,268.36,271.15,271.15,1035,86,10000,64.2229,41.656,0,1618708369,RU,2.0
523,Phek,286.69,286.14,286.69,286.69,1016,78,10000,25.6667,94.5,13,1618708370,IN,0.62
524,Santa Maria,293.15,293.37,293.15,293.15,1016,83,10000,-29.6842,-53.8069,0,1618708370,BR,2.06
525,Constantine,279.15,277.18,279.15,279.15,1016,87,10000,36.365,6.6147,75,1618708371,DZ,2.57
526,Quatre Cocos,297.38,298.31,297.59,297.15,1016,94,10000,-20.2078,57.7625,40,1618708372,MU,3.09
527,Laibin,292.28,292.62,292.28,292.28,1016,91,10000,23.7,109.2667,100,1618708372,CN,1.52
528,Kalmunai,298.77,299.55,298.77,298.77,1013,83,10000,7.4167,81.8167,100,1618708373,LK,2.61
529,Morgan City,288.87,288.95,289.15,288.71,1014,94,10000,29.6994,-91.2068,90,1618708374,US,4.63
530,Muisne,298.08,298.8,298.08,298.08,1011,83,10000,0.6,-80.0333,94,1618708123,EC,0.9
531,Starcevo,279.52,278.83,279.52,279.52,1014,89,10000,41.4167,25.0667,97,1618708374,BG,1.37
532,Manohar Thāna,300.09,299.61,300.09,300.09,1012,32,10000,24.24,76.8018,7,1618708375,IN,2.71
533,Muzhi,251.03,245.46,251.03,251.03,1029,96,10000,65.3667,64.6667,14,1618708375,RU,1.77
534,Wanning,299.52,299.52,299.52,299.52,1014,78,10000,18.8003,110.3967,63,1618708375,CN,2.4
535,Bayshore Gardens,297.59,298.39,298.15,297.04,1012,88,10000,27.4253,-82.5904,1,1618708376,US,4.12
536,Lac du Bonnet,278.75,278.75,278.75,278.75,1016,73,10000,50.2536,-96.0612,43,1618708376,CA,1.02
537,Bandarbeyla,299.79,299.79,299.79,299.79,1012,80,10000,9.4942,50.8122,22,1618708376,SO,2.26
538,Inuvik,280.12,277.37,281.15,279.15,1037,42,1899,68.3499,-133.7218,100,1618708377,CA,4.12
539,Talavera de la Reina,279.28,277.94,279.28,279.28,1020,60,10000,39.9635,-4.8308,0,1618708377,ES,1.89
540,Kiryat Gat,290.91,290.91,293.15,289.82,1016,83,10000,31.61,34.7642,8,1618708377,IL,1.6
541,Honiara,303.15,308.43,303.15,303.15,1009,71,10000,-9.4333,159.95,86,1618708378,SB,2.62
542,Kabare,289.75,290.0,289.75,289.75,1014,97,10000,-2.4683,28.8242,100,1618708378,CD,0.68
543,kimparana,303.47,303.34,303.47,303.47,1008,41,10000,12.8347,-4.9244,92,1618708378,ML,2.52
544,Amursk,280.87,280.87,280.87,280.87,1011,66,10000,50.2261,136.8994,5,1618708379,RU,0.94
545,Moundsville,282.2,280.18,283.15,280.93,1012,62,10000,39.9203,-80.7431,20,1618708379,US,3.6
546,Genhe,282.33,280.98,282.33,282.33,1005,34,10000,50.7833,121.5167,0,1618708380,CN,2.53
547,Sørland,278.47,274.97,278.47,278.47,1032,72,10000,67.667,12.6934,94,1618708381,NO,4.83
548,Lamu,300.15,303.78,300.15,300.15,1012,89,10000,-2.2717,40.902,1,1618708381,KE,3.09
549,Bonthe,299.07,299.88,299.07,299.07,1011,83,10000,7.5264,-12.505,99,1618708381,SL,0.97
550,Balabac,301.13,304.9,301.13,301.13,1011,78,10000,7.9868,117.0645,97,1618708381,PH,5.43
551,Killybegs,280.93,278.2,280.93,280.93,1021,93,10000,54.6333,-8.45,100,1618708382,IE,4.47
552,Bubaque,297.87,298.36,297.87,297.87,1011,75,10000,11.2833,-15.8333,100,1618708382,GW,5.75
553,Alamosa,272.15,269.45,272.15,272.15,1021,74,10000,37.4695,-105.87,40,1618708383,US,2.06
554,Manono,292.7,293.14,292.7,292.7,1011,93,10000,-7.3,27.4167,81,1618708384,CD,1.59
555,Nizwá,298.85,297.95,298.85,298.85,1014,18,10000,22.9333,57.5333,100,1618708384,OM,0.51
556,Mil'kovo,277.24,275.78,277.24,277.24,1028,71,10000,54.7167,158.6167,100,1618708385,RU,1.72
557,Starokostiantyniv,276.74,274.75,276.74,276.74,1020,93,10000,49.7576,27.2034,84,1618708386,UA,2.12
558,New Glasgow,276.04,270.68,276.15,275.93,1005,93,8173,45.5834,-62.6486,100,1618708386,CA,7.72
559,Zakamensk,274.98,272.14,274.98,274.98,1017,57,10000,50.3741,103.2863,100,1618708387,RU,2.66
560,Terney,280.5,277.64,280.5,280.5,1005,67,10000,45.0503,136.6092,100,1618708388,RU,4.53
561,Lindsay,300.1,299.26,300.37,299.82,1015,22,10000,36.203,-119.0882,1,1618708388,US,5.66
562,Ayr,277.01,274.64,278.15,275.37,1025,75,10000,55.4627,-4.6339,0,1618708389,GB,2.57
563,Ulaangom,279.43,278.03,279.43,279.43,1015,50,10000,49.9811,92.0667,6,1618708390,MN,1.98
564,Nizhniy Tsasuchey,286.75,284.92,286.75,286.75,1000,29,10000,50.5167,115.1333,96,1618708390,RU,2.29
